label,mean,std,min,max
0,0.3004919927381127,0.10139438390941109,0.017675599599126606,0.6370434167791961
1,0.6994006591655211,0.09920439696528299,0.37452567352831223,1.0628052600376021
