Fold,Coefficient,Accuracy
1,17.586551105029447,0.9599236641221374
2,17.692790887116704,0.9522900763358778
3,17.649415794429544,0.9655831739961759
4,17.48744033404489,0.9655831739961759
5,17.593244874389345,0.9579349904397706
6,17.605793042133115,0.9541108986615678
7,17.66944908222967,0.9483747609942639
8,17.52709261197148,0.9789674952198852
9,17.57266675365001,0.9617590822179732
10,17.672596583378812,0.9502868068833652
