Epoch,Loss
1,0.24716032631979643
2,0.14096070840272285
3,0.14328596396869375
4,0.11618437447393214
5,0.10301364331243147
6,0.09584065194718028
7,0.08379689916143664
8,0.07371904236399604
9,0.08071178128544725
10,0.07567907240995356
