Epoch,Loss
1,0.3163130642255632
2,0.1758150070360521
3,0.1641642936482662
4,0.13174616624941912
