Layer,Mean Abs Weight
0.weight,0.09725025296211243
3.weight,0.04633172228932381
7.weight,0.01629558578133583
